Month,Forecast_Orders,Lower_Bound,Upper_Bound
2017-10,5006.165790743732,4471.132298424656,5545.918827721859
2017-11,5220.187881291514,4658.008758620712,5776.744483848899
2017-12,5322.597475925669,4746.901179741434,5900.090840194098
